date,nomR,pop,GDPdeflator,P,C,I,Y,M2,c,i,y,realbalance,cy,iy,realR
1960q1,4.51,,23.80426,,,,,,,,,,,,
1960q2,4.83,,23.484917,-5.4024777,,,,,,,,,,,10.232478
1960q3,5.54,,24.636242,19.144094,,,,,,,,,,,-13.604095
1960q4,5.51,,24.263292,-6.1016016,,,,,,,,,,,11.611602
1961q1,4.17,,24.69335,7.0277467,,,,,,,,,,,-2.8577466
1961q2,3.23,,24.796696,1.6705747,,,,,,,,,,,1.5594254
1961q3,3.1,,25.563887,12.188108,,,,,,,,,,,-9.0881081
1961q4,3.86,,25.658192,1.4728827,,,,,,,,,,,2.3871171
1962q1,2.96,34123.84,25.699602,.64505035,12.828058,6.4012885,,.000047322079,2.5516348,1.8564993,,-9.9585333,,,2.3149498
1962q2,3.1,34166.814,26.019733,4.9518871,13.09987,6.3169341,,.000047805912,2.5726023,1.8432339,,-9.9483614,,,-1.8518871
1962q3,3.25,34208.757,26.497417,7.2768183,13.170081,6.4111943,,.000047658777,2.5779476,1.8580456,,-9.9514437,,,-4.0268183
1962q4,4.38,34140.147,26.440178,-.86501181,13.407852,6.3636971,,.000048744198,2.5958405,1.8506095,,-9.9289246,,,5.2450118
1963q1,3.38,34173.604,26.745632,4.594573,13.193198,5.2634449,,.000048030917,2.5797014,1.6607858,,-9.9436655,,,-1.214573
1963q2,3.66,34288.21,26.932932,2.7914381,13.388199,6.6968594,,.000048620328,2.5943737,1.9016386,,-9.931469,,,.86856192
1963q3,3.85,34194.766,27.100689,2.4837511,13.597402,6.8958898,,.000049638409,2.6098788,1.9309255,,-9.9107456,,,1.366249
1963q4,5.04,34207.26,27.106928,.0920747,13.717047,6.8675737,,.000050687315,2.6186392,1.9268109,,-9.8898344,,,4.9479251
1964q1,3.37,34117.125,27.439808,4.8821864,14.05119,6.790822,,.000050525156,2.6427071,1.915572,,-9.8930387,,,-1.5121864
1964q2,3.66,34250.566,27.614492,2.5383682,14.006042,7.2026968,,.00005127869,2.6394887,1.9744555,,-9.8782349,,,1.1216317
1964q3,3.89,34163.463,27.962971,5.0161753,14.214526,7.2555714,,.000051292147,2.6542645,1.9817697,,-9.8779726,,,-1.1261753
1964q4,5.43,34175.325,28.133812,2.4363856,14.564591,7.3994713,,.000052107051,2.6785934,2.0014086,,-9.8622103,,,2.9936144
1965q1,4.04,34287.919,28.4995,5.165771,14.727158,7.1089921,,.000052190542,2.6896932,1.9613605,,-9.8606091,,,-1.125771
1965q2,4.67,34374.246,28.711536,2.9649818,15.062191,7.5536075,,.000052485597,2.7121878,2.0220253,,-9.8549719,,,1.7050182
1965q3,5.24,34328.806,28.921883,2.9197943,15.2063,7.6065044,,.000052475003,2.7217097,2.0290036,,-9.8551741,,,2.3202057
1965q4,6.600000000000001,34270.387,29.147835,3.1128554,15.490528,7.6109018,,.000052957854,2.7402287,2.0295818,,-9.846014,,,3.4871445
1966q1,5.43,34375.959,29.531685,5.2332478,15.538368,7.6817088,,.000052995529,2.7433124,2.038842,,-9.8453026,,,.19675225
1966q2,6.46,34393.514,29.733408,2.7230043,15.539946,7.6178508,,.000053782558,2.7434139,2.0304942,,-9.8305616,,,3.7369957
1966q3,6.9,34179.197,30.013145,3.7456825,15.752487,7.5019898,,.000054492713,2.7569983,2.0151682,,-9.8174438,,,3.1543176
1966q4,7.73,33923.206,29.970421,-.5698176,15.736062,7.5065327,,.000055178913,2.755955,2.0157738,,-9.8049297,,,8.299818
1967q1,5.43,33541.582,30.219593,3.3118269,16.130177,7.1969604,,.000056925081,2.7806919,1.9736588,,-9.7737741,,,2.1181731
1967q2,4.05,33411.673,30.389055,2.2368114,16.055477,6.9694471,,.000057517158,2.7760501,1.9415359,,-9.7634268,,,1.8131886
1967q3,3.5,33417.689,30.159033,-3.0392179,16.140902,7.0210485,,.000059532955,2.7813566,1.9489126,,-9.7289801,,,6.5392179
1967q4,4.09,33247.049,30.376474,2.8735862,16.490051,7.6857381,,.000062281659,2.8027573,2.0393665,,-9.6838436,,,1.2164139
1968q1,3.43,33176.656,30.019304,-4.7311158,16.621929,7.4364967,,.000064662519,2.8107228,2.0063999,,-9.6463289,,,8.1611156
1968q2,3.68,33159.118,30.966084,12.42075,16.917458,7.2628541,,.000064471642,2.828346,1.9827728,,-9.6492853,,,-8.7407494
1968q3,3.56,33292.103,31.292501,4.1943893,17.155169,7.4107089,,.000065848006,2.8422995,2.0029261,,-9.6281614,,,-.63438934
1968q4,4.560000000000001,33483.568,31.82674,6.7713308,17.331238,7.7640076,,.000067562949,2.8525105,2.0494986,,-9.6024504,,,-2.2113309
1969q1,4,33602.268,31.222775,-7.6636181,17.738356,7.9381003,,.000068435962,2.8757293,2.0716741,,-9.589612,,,11.663618
1969q2,4.76,33531.772,32.074326,10.763241,18.059196,8.0513554,,.000068804635,2.8936551,2.0858405,,-9.584239,,,-6.0032406
1969q3,6.41,33631.955,32.513546,5.4403677,18.356346,8.2549868,,.000071056624,2.9099753,2.1108174,,-9.5520334,,,.96963233
1969q4,7.98,33775.312,33.392605,10.671064,18.540525,8.2024975,,.000068183086,2.9199588,2.1044388,,-9.5933142,,,-2.6910644
1970q1,9.540000000000001,33883.43,34.197369,9.5256948,18.798151,8.0135098,32.417988,.000067142813,2.9337585,2.0811288,3.4787135,-9.6086884,-.54495502,-1.3975847,.014305153
1970q2,9.890000000000001,33948.528,34.52573,3.8224587,19.22794,8.6551466,33.619167,.000069192181,2.9563644,2.158154,3.5150964,-9.5786228,-.55873203,-1.3569424,6.0675411
1970q3,9.370000000000001,34045.2,35.100956,6.6094074,19.590321,9.0934839,34.151234,.00006945496,2.9750357,2.2075582,3.5307987,-9.574832,-.55576301,-1.3232405,2.7605925
1970q4,8.83,34101.646,35.095146,-.066212043,19.796766,9.07582,34.39386,.000070939037,2.9855187,2.2056136,3.537878,-9.55369,-.55235934,-1.3322644,8.8962116
1971q1,7.48,34244.329,36.789715,18.862192,19.75506,8.9031162,33.529617,.000070564565,2.9834096,2.1864014,3.5124292,-9.5589828,-.52901959,-1.3260279,-11.382193
1971q2,6.44,34237.365,37.136223,3.7498131,20.175016,9.2183142,34.231274,.000072279887,3.0044451,2.2211921,3.5331397,-9.5349646,-.52869463,-1.3119476,2.690187
1971q3,7.600000000000001,34223.738,37.71769,6.214541,20.415335,9.2154789,34.829433,.000072975716,3.0162864,2.2208846,3.5504627,-9.5253839,-.53417635,-1.3295782,1.3854591
1971q4,7.07,34217.871,37.871243,1.6251397,20.678326,9.2339754,34.814381,.000074930169,3.0290861,2.2228897,3.5500305,-9.4989538,-.52094436,-1.3271408,5.4448605
1972q1,4.96,34171.855,38.64399,8.0796804,21.069275,9.260088,34.858727,.000076408323,3.0478158,2.2257135,3.5513036,-9.4794188,-.50348783,-1.3255901,-3.1196804
1972q2,4.71,34129.956,38.737614,.96792161,21.169603,9.2884159,35.469913,.000079418322,3.0525663,2.2287681,3.5686848,-9.4407816,-.51611853,-1.3399167,3.7420783
1972q3,4.92,34156.602,39.210987,4.8583732,21.564325,9.4831886,36.271118,.000081534272,3.0710404,2.2495205,3.5910218,-9.4144869,-.51998138,-1.3415012,.061626837
1972q4,7.850000000000001,34202.885,39.699924,4.9569178,21.729223,9.5705805,36.791439,.000083366969,3.0786581,2.2586939,3.6052651,-9.3922586,-.52660704,-1.3465712,2.8930821
1973q1,8.210000000000001,34342.249,40.859066,11.511778,21.754826,9.6516657,37.098125,.000086445747,3.0798357,2.2671306,3.6135664,-9.3559933,-.53373075,-1.3464358,-3.3017778
1973q2,12.22,34470.784,41.147152,2.8103929,21.957041,9.4658566,37.231426,.000087565022,3.089088,2.2476914,3.6171532,-9.3431292,-.5280652,-1.3694618,9.4096069
1973q3,14.37,34511.061,41.710995,5.4440174,21.86581,9.3399963,37.292053,.000088989807,3.0849242,2.2343059,3.6187801,-9.3269892,-.53385592,-1.3844743,8.9259825
1973q4,13.77,34446.982,42.46365,7.1534615,21.811642,9.0924149,37.421879,.000088327106,3.082444,2.2074406,3.6222556,-9.3344631,-.53981161,-1.4148149,6.6165385
1974q1,11.32,34450.055,43.330551,8.0838184,21.640808,9.0938749,37.703991,.000089566842,3.0745809,2.2076011,3.629766,-9.3205252,-.55518508,-1.4221649,3.2361815
1974q2,9.540000000000001,34345.744,44.028145,6.3884516,21.80924,8.6081915,37.764351,.000089208996,3.0823338,2.1527143,3.6313655,-9.3245287,-.54903173,-1.4786513,3.1515484
1974q3,9.609999999999999,34218.014,44.952,8.3064642,22.105013,8.4998102,37.876392,.000086921573,3.0958045,2.1400437,3.6343281,-9.3505039,-.53852367,-1.4942844,1.3035358
1974q4,9.140000000000001,34108.79,45.974216,8.9941921,22.130919,8.4056435,37.47578,.000086217624,3.0969756,2.1289034,3.6236949,-9.3586359,-.52671933,-1.4947915,.14580788
1975q1,6.63,33932.204,46.563892,5.0978684,22.715893,8.7078543,37.45171,.000086011816,3.1230648,2.1642253,3.6230524,-9.3610258,-.4999876,-1.458827,1.5321316
1975q2,4.92,33884.631,46.97485,3.5147789,22.83301,7.9790649,37.267742,.000081986502,3.1282072,2.0768213,3.6181281,-9.4089556,-.48992085,-1.5413067,1.4052211
1975q3,4.16,33794.898,47.104515,1.1026049,23.125282,8.2584505,37.760551,.000082857368,3.1409266,2.111237,3.6312649,-9.3983898,-.49033833,-1.5200279,3.0573952
1975q4,4.13,33592.585,47.700447,5.0287652,23.558126,8.5891457,38.746277,.000084748863,3.1594708,2.1504993,3.6570346,-9.3758183,-.49756384,-1.5065353,-.89876521
1976q1,3.8,33487.989,47.969391,2.2489386,23.855255,8.5332232,39.225605,.000084848187,3.1720045,2.1439672,3.6693296,-9.3746471,-.49732518,-1.5253625,1.5510614
1976q2,3.84,33477.002,48.464283,4.1055903,24.063437,8.6703329,39.812099,.00008709111,3.1806936,2.1599071,3.684171,-9.3485556,-.50347733,-1.5242639,-.26559034
1976q3,4.53,33469.361,48.855247,3.2138801,24.201405,8.5512733,39.827995,.000087820481,3.1864107,2.1460803,3.6845701,-9.3402157,-.49815941,-1.5384898,1.3161199
1976q4,4.82,33500.642,49.283291,3.489321,24.489002,8.8715181,40.52586,.000087945533,3.1982241,2.1828458,3.7019403,-9.3387928,-.50371623,-1.5190945,1.3306791
1977q1,4.74,33396.902,49.582184,2.4185905,24.881701,9.2406769,40.997803,.000089377849,3.2141325,2.2236152,3.7135184,-9.3226376,-.49938583,-1.4899032,2.3214095
1977q2,4.45,33367.029,50.011646,3.4497325,25.316519,8.9807673,41.252476,.000090367583,3.231457,2.1950853,3.7197111,-9.3116245,-.48825407,-1.5246258,1.0002675
1977q3,4.19,33385.936,50.197067,1.48028,25.512465,9.0330229,41.203121,.00009278729,3.2391672,2.200887,3.718514,-9.2852011,-.47934675,-1.517627,2.7097199
1977q4,4.09,33472.258,50.829498,5.0081029,25.524574,9.1467209,41.794636,.000094864277,3.2396417,2.2133954,3.7327681,-9.2630634,-.49312639,-1.5193727,-.91810292
1978q1,3.52,33446.434,51.237717,3.1996214,25.820185,9.4123392,41.988716,.000094998075,3.2511566,2.2420216,3.737401,-9.2616539,-.48624444,-1.4953794,.32037857
1978q2,3.61,33519.047,51.674522,3.3955793,25.85535,9.3003006,42.057362,.000096589029,3.2525175,2.2300467,3.7390344,-9.2450457,-.48651695,-1.5089877,.21442066
1978q3,3.72,33597.532,52.291702,4.7491355,26.375004,9.6562376,42.494698,.000099495002,3.2724168,2.2676041,3.7493794,-9.2154036,-.47696257,-1.4817753,-1.0291355
1978q4,3.95,33704.048,52.518806,1.7334486,26.539087,9.6745968,42.847557,.00010298874,3.2786186,2.2695036,3.7576487,-9.180891,-.47903013,-1.4881451,2.2165513
1979q1,4.17,33788.329,53.18502,5.0421848,26.287249,9.4188461,42.768879,.00010194582,3.269084,2.2427125,3.7558107,-9.1910686,-.48672676,-1.5130982,-.87218481
1979q2,5.97,33798.248,53.803776,4.6267443,27.254322,10.185387,44.099754,.00010409831,3.305212,2.3209541,3.7864542,-9.1701746,-.48124218,-1.4655001,1.3432558
1979q3,7.270000000000001,33894.503,54.61496,5.9856744,26.542633,10.216887,43.950916,.00010355742,3.2787523,2.3240418,3.7830734,-9.1753845,-.5043211,-1.4590316,1.2843256
1979q4,9.33,34032.701,54.98695,2.71522,26.853067,10.300986,44.034252,.00010537822,3.29038,2.3322396,3.7849679,-9.1579542,-.4945879,-1.4527283,6.6147799
1980q1,9.16,34172.755,56.060356,7.7332063,26.885033,10.434308,44.18169,.00010575565,3.2915697,2.3450992,3.7883105,-9.1543789,-.49674082,-1.4432113,1.4267937
1980q2,10.2,34198.779,57.115696,7.4600263,26.714279,10.246716,43.798607,.00010515608,3.2851982,2.3269572,3.7796021,-9.1600647,-.49440384,-1.4526448,2.7399738
1980q3,9.220000000000001,34250.918,57.59903,3.370702,26.857529,10.067334,43.539032,.00010558492,3.2905462,2.3092959,3.7736578,-9.1559954,-.48311162,-1.4643619,5.849298
1980q4,9.58,34338.659,57.707623,.75342065,26.738876,9.8432426,43.365784,.00010854852,3.2861185,2.2867851,3.7696707,-9.1283131,-.48355222,-1.4828856,8.8265791
1981q1,11.25,34377.592,58.269005,3.8724124,26.799244,9.8282232,43.7719,.00010967736,3.2883737,2.2852581,3.7789922,-9.1179676,-.49061847,-1.4937341,7.3775873
1981q2,13.16,34353.684,59.28006,6.8810749,26.565897,10.00743,43.712582,.00011244846,3.2796283,2.3033278,3.7776361,-9.0930157,-.49800777,-1.4743083,6.2789249
1981q3,12.79,34367.402,59.831932,3.7066038,26.550739,9.657548,43.790234,.00011404155,3.2790575,2.2677398,3.7794108,-9.078948,-.50035334,-1.5116711,9.083396
1981q4,11.23,34385.004,60.584446,4.9994774,26.642967,9.1191549,43.72612,.00011242339,3.2825253,2.2103772,3.7779455,-9.0932388,-.49542022,-1.5675683,6.2305226
1982q1,10.2,34359.004,61.187168,3.9597216,26.651936,9.2524042,43.897198,.00011415904,3.2828617,2.2248833,3.7818506,-9.0779181,-.49898887,-1.5569673,6.2402782
1982q2,9.26,34352.349,61.97884,5.1422153,26.410793,9.2567883,43.645355,.00011488321,3.2737727,2.2253571,3.7760968,-9.0715942,-.5023241,-1.5507398,4.117785
1982q3,8.880000000000001,34462.346,62.714142,4.7175741,25.952906,9.064476,43.049236,.0001146082,3.2562835,2.2043631,3.7623446,-9.0739908,-.50606108,-1.5579815,4.162426
1982q4,7.17,34437.045,63.014931,1.9138895,26.266649,9.1280174,43.179024,.00011345371,3.2683001,2.2113485,3.7653549,-9.084116,-.49705482,-1.5540063,5.2561107
1983q1,5.7,34291.604,63.304798,1.8357729,26.601137,9.1706352,43.743786,.00011507156,3.2809539,2.2160065,3.7783496,-9.0699568,-.49739575,-1.5623431,3.8642271
1983q2,5.37,34366.069,63.449413,.91272855,26.915565,9.4642534,44.132996,.00011465224,3.2927048,2.2475219,3.7872076,-9.0736074,-.49450278,-1.5396857,4.4572716
1983q3,5.72,34404.093,64.296265,5.3034358,26.474255,9.4654398,43.958282,.0001143733,3.2761726,2.2476473,3.783241,-9.0760431,-.5070684,-1.5355937,.4165642
1983q4,6.32,34416.242,64.819801,3.2438383,26.851454,9.6587133,44.555984,.00011323018,3.2903199,2.2678604,3.7967465,-9.0860882,-.50642657,-1.5288861,3.0761616
1984q1,5.98,34292.113,64.983467,1.008701,27.159477,9.3551645,45.3195,.00011380258,3.3017261,2.2359285,3.8137374,-9.0810452,-.51201129,-1.5778089,4.9712992
1984q2,6.020000000000001,34390.31,64.943855,-.24390139,27.196573,9.1161489,44.442963,.00011578555,3.303091,2.2100475,3.7942066,-9.0637712,-.49111557,-1.5841591,6.2639012
1984q3,5.99,34502.557,65.197563,1.5595847,27.245052,9.6052008,45.538391,.00011727141,3.304872,2.2623048,3.8185558,-9.0510197,-.5136838,-1.556251,4.4304152
1984q4,5.95,34573.267,65.848312,3.9726825,27.183746,9.7387924,45.799625,.00011631424,3.3026192,2.2761171,3.824276,-9.0592146,-.52165675,-1.5481589,1.9773176
1985q1,6.140000000000001,34503.612,66.291496,2.6831312,27.346601,9.1471643,45.630074,.0001164694,3.3085923,2.213444,3.8205669,-9.0578823,-.51197457,-1.6071229,3.4568689
1985q2,5.850000000000001,34616.841,66.147026,-.87267822,27.449944,9.5275145,45.944256,.00011865659,3.3123641,2.2541838,3.8274288,-9.0392771,-.51506472,-1.573245,6.7226782
1985q3,4.95,34788.615,66.698837,3.3230355,27.587946,9.5585365,46.312439,.00011718008,3.317379,2.2574346,3.8354106,-9.0517988,-.5180316,-1.577976,1.6269646
1985q4,4.86,34880.716,67.367104,3.9877203,27.767889,9.8077202,46.454243,.00011954144,3.3238802,2.2831697,3.8384678,-9.031848,-.51458764,-1.5552981,.87227976
1986q1,4.61,34767.04,68.014702,3.8268256,28.093943,9.5923166,46.322712,.00012065109,3.3355539,2.2609625,3.8356323,-9.0226078,-.50007844,-1.5746698,.7831744
1986q2,4.600000000000001,34873.992,68.300972,1.6800449,28.42816,9.6688547,46.695572,.00012107841,3.3473802,2.2689099,3.8436494,-9.0190725,-.49626923,-1.5747395,2.919955
1986q3,4.600000000000001,35061.065,68.936844,3.7067127,28.439543,9.7023411,46.778378,.0001220108,3.3477805,2.2723672,3.8454211,-9.0114012,-.49764061,-1.5730538,.8932873
1986q4,4.74,35151.766,69.209541,1.5791817,28.506521,10.012928,47.141705,.00012314838,3.3501329,2.3038771,3.853158,-9.002121,-.50302505,-1.5492809,3.1608183
1987q1,4.2,35023.748,69.244019,.19921328,28.47208,9.2804956,46.075001,.00012539249,3.3489239,2.227915,3.8302705,-8.9840622,-.48134661,-1.6023555,4.0007868
1987q2,3.82,35146.188,69.244392,.0021595473,29.220791,9.9739819,46.951569,.0001273793,3.3748806,2.2999799,3.8491166,-8.9683409,-.47423601,-1.5491366,3.8178403
1987q3,3.97,35329.754,69.414597,.98200196,29.19454,9.9801254,47.035862,.00012722229,3.3739817,2.3005958,3.8509104,-8.9695749,-.47692871,-1.5503147,2.987998
1987q4,4.14,35398.575,70.086456,3.8529599,29.610001,10.09655,47.697208,.00012781339,3.3881121,2.3121939,3.8648729,-8.9649391,-.47676086,-1.5526791,.28704011
1988q1,3.42,36691.051,69.833527,-1.4461406,27.972477,9.5995493,45.572372,.00012543586,3.3312211,2.2617161,3.8193016,-8.983716,-.4880805,-1.5575855,4.8661408
1988q2,3.65,36837.269,70.336945,2.873188,28.500809,9.7717209,46.240433,.00012697697,3.3499324,2.2794926,3.8338547,-8.9715052,-.48392224,-1.5543621,.77681196
1988q3,5.11,37024.79,70.895676,3.1649005,28.705305,9.8905582,46.516808,.00012758594,3.3570819,2.2915807,3.8398137,-8.9667206,-.48273182,-1.548233,1.9450995
1988q4,5.15,37079.823,71.62928,4.1177964,28.714176,9.9755259,46.979416,.00012850146,3.3573909,2.3001347,3.8497095,-8.9595699,-.49231863,-1.5495749,1.0322036
1989q1,6.270000000000001,36851.878,72.154305,2.9212055,29.094912,10.527113,47.792942,.00013189061,3.3705633,2.3539541,3.866878,-8.9335375,-.49631476,-1.512924,3.3487945
1989q2,6.84,37023.559,72.377144,1.2334453,28.990494,10.220971,47.792007,.00013300197,3.3669679,2.3244417,3.8668585,-8.9251471,-.49989057,-1.5424168,5.6065545
1989q3,7.19,37103.74,72.879738,2.7680397,29.407104,10.534847,48.108372,.00013527552,3.3812363,2.3546886,3.8734562,-8.9081974,-.49221992,-1.5187676,4.4219604
1989q4,8.18,37420.087,73.413773,2.9203598,29.608271,10.650419,48.268204,.00013858,3.3880537,2.3655992,3.8767731,-8.8840628,-.48871946,-1.511174,5.2596402
1990q1,8.359999999999999,38880.037,74.518761,5.9757438,28.706652,10.764339,47.386917,.00013485005,3.3571289,2.3762388,3.8583462,-8.9113474,-.50121737,-1.4821074,2.3842561
1990q2,8.300000000000001,39137.02,75.185905,3.5651484,28.841196,10.643607,47.304443,.00014698124,3.3618047,2.3649595,3.8566043,-8.8252058,-.49479961,-1.4916449,4.7348518
1990q3,8.390000000000001,39254.43,75.432564,1.3101104,29.032394,10.775084,48.169575,.00015399879,3.3684123,2.3772364,3.8747275,-8.7785654,-.50631523,-1.4974911,7.0798898
1990q4,8.9,39208.882,75.618187,.98310411,29.266346,11.012413,49.073833,.00016236611,3.3764381,2.3990231,3.893326,-8.7256565,-.5168879,-1.494303,7.9168959
1991q1,9.17,39143.334,75.527275,-.48118877,30.192356,11.190326,50.608829,.00016729867,3.4075887,2.4150496,3.9241261,-8.6957302,-.51653743,-1.5090766,9.6511889
1991q2,9.109999999999999,39060.336,77.199135,8.75776,30.586027,11.271875,50.37162,.00016654373,3.4205432,2.4223108,3.9194279,-8.7002525,-.49888468,-1.497117,.35223997
1991q3,9.24,39037.803,77.828529,3.247926,29.747923,11.402984,50.133522,.00016966977,3.3927593,2.4338751,3.9146898,-8.6816568,-.52193046,-1.4808147,5.992074
1991q4,9.460000000000001,39170.936,79.442284,8.2090807,30.418444,11.674033,50.552799,.00016999651,3.4150491,2.4573669,3.9230182,-8.6797323,-.50796914,-1.4656513,1.2509193
1992q1,9.609999999999999,39010.63,80.032822,2.9624221,31.081009,11.977482,51.607536,.0001751368,3.4365969,2.4830284,3.9436677,-8.6499434,-.50707078,-1.4606392,6.6475778
1992q2,9.76,39012.987,81.125275,5.4230957,30.923439,11.881644,51.171997,.00017734937,3.4315145,2.4749947,3.9351923,-8.6373892,-.50367785,-1.4601977,4.3369045
1992q3,9.720000000000001,39007.903,82.12471,4.8977542,30.968254,11.638947,50.972397,.00018414161,3.4329627,2.4543569,3.9312842,-8.5998058,-.49832153,-1.4769273,4.8222456
1992q4,8.970000000000001,39118.553,83.113464,4.787107,31.786409,11.593206,50.670135,.00018140556,3.4590387,2.4504192,3.9253366,-8.6147757,-.46629786,-1.4749174,4.1828928
1993q1,8.32,39017.81,83.961861,4.0623765,31.202236,11.384732,50.379265,.00018290554,3.4404898,2.4322731,3.9195797,-8.6065407,-.47908998,-1.4873066,4.2576237
1993q2,7.68,39061.399,84.928886,4.5806479,31.18223,11.225673,50.301544,.00018532356,3.4398484,2.4182034,3.9180357,-8.5934076,-.47818732,-1.4998324,3.0993521
1993q3,6.83,39174.443,85.227112,1.4021285,31.365442,11.273926,50.52317,.00018710738,3.4457066,2.4224925,3.9224319,-8.583828,-.47672534,-1.4999394,5.4278717
1993q4,6.350000000000001,39334.802,85.766296,2.5226066,31.594213,11.062228,50.26722,.00019270214,3.4529741,2.4035366,3.9173532,-8.5543652,-.46437907,-1.5138166,3.8273933
1994q1,5.88,39282.615,86.349228,2.7094998,31.717184,11.42542,50.941429,.00019516374,3.4568586,2.4358406,3.9306765,-8.5416718,-.47381783,-1.4948359,3.1705003
1994q2,5.29,39238.009,86.578522,1.0607619,31.631607,11.577715,51.169422,.00019560405,3.4541569,2.4490821,3.935142,-8.5394182,-.48098516,-1.4860599,4.229238
1994q3,5.01,39058.664,86.940529,1.6690164,32.061962,11.6848,51.790142,.00019217965,3.4676704,2.4582889,3.9471998,-8.5570803,-.47952938,-1.4889109,3.3409836
1994q4,5.28,38896.745,87.360855,1.9291966,32.403645,11.984844,52.662781,.00018554744,3.478271,2.4836428,3.9639089,-8.5922003,-.4856379,-1.4802661,3.3508034
1995q1,5.11,38945.037,87.713943,1.6134309,32.482296,11.679622,52.388508,.00028360466,3.4806952,2.4578457,3.9586873,-8.1679296,-.47799206,-1.5008416,3.4965692
1995q2,4.600000000000001,38953.763,88.492104,3.5329783,32.87228,11.876535,52.792587,.00028412286,3.4926298,2.4745646,3.9663708,-8.1661034,-.47374105,-1.4918063,1.0670217
1995q3,4.4,39042.304,88.882309,1.7599202,32.786617,11.723734,52.804146,.00028609548,3.4900205,2.4616153,3.9665897,-8.1591854,-.47656918,-1.5049744,2.6400797
1995q4,4.01,39183.389,89.027779,.65412682,32.627964,11.603456,52.571804,.00028990285,3.4851696,2.451303,3.9621799,-8.1459646,-.47701025,-1.5108769,3.3558731
1996q1,3.44,39069.637,88.943184,-.38026309,32.859924,11.009622,52.188374,.00029700907,3.4922538,2.3987696,3.9548597,-8.121748,-.46260595,-1.5560901,3.8202631
1996q2,3.34,39149.695,88.956459,.059697237,32.929413,11.865768,52.834225,.00030089432,3.4943662,2.4736576,3.9671593,-8.1087513,-.4727931,-1.4935017,3.2803028
1996q3,3.26,39235.88,89.112305,.70015955,32.971344,11.826922,53.040977,.00030548568,3.4956388,2.4703784,3.9710648,-8.0936079,-.47542596,-1.5006864,2.5598404
1996q4,3.18,39323.009,89.274818,.72881395,32.942425,11.824947,53.226471,.00030878314,3.4947612,2.4702115,3.9745557,-8.0828714,-.4797945,-1.5043442,2.4511859
1997q1,3.2,39297.01,89.300598,.11549059,33.085667,11.460167,52.92107,.00031331513,3.4991002,2.4388773,3.9688015,-8.0683012,-.46970129,-1.5299242,3.0845094
1997q2,3.18,39439.91,89.202438,-.43992439,33.127136,11.678016,53.50724,.0003163607,3.5003529,2.4577081,3.9798169,-8.0586271,-.47946405,-1.5221088,3.6199243
1997q3,3.24,39576.57,89.302795,.44976637,32.749638,11.651628,53.567924,.00031856395,3.4888918,2.455446,3.9809504,-8.0516872,-.49205852,-1.5255044,2.7902336
1997q4,3.69,39566.532,89.451263,.66445732,33.043053,11.750903,53.986618,.00032190196,3.4978113,2.4639301,3.9887362,-8.0412636,-.49092484,-1.524806,3.0255427
1998q1,3.53,39831.201,89.354507,-.43289873,32.990513,11.981586,54.03804,.00032328421,3.4962201,2.483371,3.9896882,-8.0369787,-.49346805,-1.5063171,3.9628987
1998q2,3.61,39941.587,89.865669,2.2817216,32.718292,11.797813,53.69326,.00032490314,3.4879344,2.4679141,3.9832876,-8.0319834,-.49535322,-1.5153735,1.3282784
1998q3,3.51,39631.401,89.994781,.57427752,33.291851,12.043256,54.270298,.0003321633,3.5053127,2.4885049,3.9939771,-8.0098839,-.48866439,-1.5054722,2.9357226
1998q4,3.53,39800.197,90.175659,.80314058,33.412289,11.926662,54.013653,.0003416542,3.5089238,2.4787765,3.9892368,-7.9817114,-.48031306,-1.5104604,2.7268593
1999q1,3.09,39428.823,90.143562,-.14240019,34.126804,12.382074,54.937778,.0003526478,3.5300832,2.5162499,4.0062013,-7.9500408,-.47611809,-1.4899514,3.2324002
1999q2,2.63,39345.785,90.253357,.48690248,34.140015,12.517808,55.161842,.000360312,3.5304701,2.5271523,4.0102715,-7.9285402,-.47980142,-1.4831192,2.1430976
1999q3,2.7,39477.887,90.214661,-.17153749,34.132011,12.71472,55.552418,.00036142237,3.5302358,2.5427604,4.0173268,-7.9254632,-.48709106,-1.4745665,2.8715374
1999q4,3.43,39434.361,89.941422,-1.2133449,34.547436,12.688064,56.359226,.0003633716,3.5423334,2.5406616,4.0317459,-7.9200845,-.48941255,-1.4910843,4.6433449
2000q1,3.54,39292.919,89.838379,-.4585281,34.855827,12.971753,57.085449,.00036824236,3.5512204,2.5627742,4.0445495,-7.9067693,-.49332905,-1.4817753,3.998528
2000q2,4.26,39282.967,89.588638,-1.1135035,35.2365,12.952062,57.726303,.00036606632,3.5620825,2.561255,4.0557127,-7.9126959,-.49363017,-1.4944577,5.3735037
2000q3,4.74,39354.494,89.833145,1.0901998,35.253304,13.044478,57.52808,.00036163445,3.5625591,2.5683649,4.0522733,-7.9248767,-.48971415,-1.4839084,3.6498001
2000q4,5.020000000000001,39476.28,89.687866,-.64740705,34.86245,12.910231,57.371021,.00036034017,3.5514102,2.5580201,4.0495391,-7.928462,-.49812889,-1.491519,5.667407
2001q1,4.75,39416.025,90.30822,2.7571983,35.566105,12.976101,58.417419,.00036653088,3.571393,2.5631092,4.0676141,-7.911428,-.49622107,-1.5045049,1.9928017
2001q2,4.59,39519.288,90.521767,.94474089,35.520748,12.70236,58.326622,.00037108414,3.570117,2.5417879,4.0660586,-7.8990817,-.49594164,-1.5242708,3.6452591
2001q3,4.270000000000001,39506.074,91.044701,2.3041058,35.627811,12.498429,58.150608,.000374442,3.5731266,2.5256031,4.0630364,-7.8900738,-.48990989,-1.5374334,1.9658942
2001q4,3.44,39593.669,91.630157,2.5639384,35.282333,12.337787,58.035194,.00036736755,3.5633824,2.5126667,4.0610495,-7.9091477,-.49766707,-1.5483828,.87606162
2002q1,3.36,39505.825,91.885574,1.1134393,35.126499,12.128503,57.976212,.00034997097,3.5589559,2.4955583,4.0600328,-7.9576602,-.50107694,-1.5644746,2.2465606
2002q2,3.45,39575.615,91.677094,-.90859836,35.035316,11.851161,58.029125,.0003560741,3.5563567,2.4724259,4.060945,-7.9403715,-.50458837,-1.5885191,4.3585982
2002q3,3.36,39555.029,92.299667,2.707195,35.23637,11.812957,58.319324,.00035604762,3.5620787,2.469197,4.0659337,-7.9404459,-.50385499,-1.5967367,.65280497
2002q4,3.11,39617.814,92.554245,1.1017469,35.374004,11.725885,58.053436,.00036514158,3.5659771,2.4617989,4.0613637,-7.9152255,-.4953866,-1.5995648,2.0082531
2003q1,2.68,39562.73,92.916031,1.5605146,35.254185,11.751084,57.435719,.00036814355,3.5625842,2.4639456,4.0506663,-7.9070377,-.48808217,-1.5867207,1.1194854
2003q2,2.36,39693.162,92.954262,.16454871,35.141983,11.669517,57.262711,.00037369411,3.5593965,2.45698,4.0476499,-7.8920732,-.48825336,-1.5906699,2.1954513
2003q3,2.14,39657.376,93.598373,2.7621768,35.162754,11.690163,57.555138,.0003708647,3.5599873,2.4587476,4.0527434,-7.8996735,-.49275613,-1.5939958,-.62217677
2003q4,2.15,39705.608,93.408936,-.81039798,35.101826,11.650704,57.725544,.00037310671,3.558253,2.4553666,4.0556998,-7.8936462,-.49744678,-1.6003332,2.960398
2004q1,2.06,39595.922,93.933098,2.2383175,35.399952,11.678231,57.906513,.00037538639,3.5667105,2.4577265,4.0588298,-7.8875546,-.49211931,-1.6011033,-.17831749
2004q2,2.08,39822.167,94.306595,1.5873272,35.108036,11.496028,57.780075,.00037148251,3.55843,2.4420016,4.056644,-7.8980088,-.49821401,-1.6146424,.49267277
2004q3,2.12,39913.846,94.435532,.54650986,34.962177,11.532442,57.511463,.00037375785,3.5542669,2.4451642,4.0519843,-7.8919024,-.49771738,-1.6068201,1.5734901
2004q4,2.16,40121.396,94.271553,-.69516677,35.030033,11.390291,57.298248,.00037326431,3.5562057,2.4327614,4.0482702,-7.8932238,-.49206448,-1.6155088,2.8551667
2005q1,2.14,40890.886,94.714706,1.8759214,34.391171,11.048732,56.105545,.00036860618,3.5377998,2.4023156,4.0272346,-7.9057817,-.48943472,-1.6249189,.26407862
2005q2,2.12,40970.247,94.775688,.2574558,34.331619,11.224377,56.350891,.00037350148,3.5360668,2.418088,4.0315981,-7.8925886,-.49553132,-1.6135101,1.8625442
2005q3,2.13,41068.913,94.955627,.75871217,34.291393,11.352472,56.687664,.0003764625,3.5348945,2.4294355,4.0375566,-7.8846922,-.50266218,-1.6081212,1.3712878
2005q4,2.34,41048.444,94.843513,-.47255838,34.354294,11.629322,56.944393,.00037971543,3.536727,2.4535296,4.0420752,-7.8760886,-.50534821,-1.5885456,2.8125584
2006q1,2.61,41380.195,94.866371,.096389987,34.331387,11.476693,57.013725,.00038170069,3.5360601,2.4403183,4.043292,-7.8708739,-.50723195,-1.6029737,2.5136101
2006q2,2.89,41457.969,95.147873,1.1851826,34.392563,12.125297,57.847691,.00038589098,3.5378404,2.4952939,4.0578136,-7.8599558,-.51997328,-1.5625198,1.7048174
2006q3,3.22,41473.293,95.192383,.18707503,34.379856,12.206669,58.429462,.00038642922,3.5374708,2.5019825,4.0678201,-7.858562,-.53034925,-1.5658376,3.0329249
2006q4,3.59,41588.404,95.253899,.25840697,34.806324,12.557542,59.048557,.00039250703,3.5497992,2.5303214,4.0783601,-7.8429561,-.52856088,-1.5480387,3.331593
2007q1,3.82,41439.719,96.333305,4.507266,34.261131,12.575044,59.502224,.00039486223,3.5340116,2.5317142,4.0860138,-7.8369737,-.55200219,-1.5542996,-.68726605
2007q2,4.060000000000001,41601.816,96.626091,1.2138755,34.426605,12.438058,59.705605,.00040101289,3.5388296,2.520761,4.089426,-7.821517,-.55059648,-1.568665,2.8461244
2007q3,4.5,41847.393,96.880966,1.0537097,34.283329,12.432169,59.876884,.00041014096,3.5346591,2.5202873,4.0922904,-7.7990098,-.55763125,-1.5720031,3.4462903
2007q4,4.72,41692.86,97.067764,.77050531,34.406933,12.800579,60.234859,.00042482978,3.5382581,2.5494905,4.0982513,-7.7638221,-.55999327,-1.5487609,3.9494946
2008q1,4.48,41663.522,97.248985,.74608517,34.485828,12.879708,60.79665,.00043403625,3.5405486,2.5556531,4.1075349,-7.7423825,-.56698632,-1.5518818,3.7339149
2008q2,4.86,41556.497,97.523788,1.1287136,34.574646,12.666712,60.735733,.00044031863,3.5431206,2.5389774,4.1065321,-7.7280121,-.56341147,-1.5675547,3.7312863
2008q3,4.98,41916.458,97.551224,.11251181,34.305332,12.591434,59.999588,.00044548771,3.5353007,2.5330167,4.0943375,-7.716341,-.55903673,-1.5613208,4.8674884
2008q4,4.21,41777.119,97.824715,1.1198558,34.443985,12.455781,58.93285,.0004557806,3.5393343,2.5221848,4.0763988,-7.6934991,-.53706455,-1.554214,3.0901442
2009q1,2.01,41786.02,98.643616,3.3345051,34.6521,11.346963,56.082676,.00045777165,3.5453584,2.4289501,4.0268269,-7.6891403,-.48146844,-1.5978768,-1.3245051
2009q2,1.31,41742.251,99.026978,1.5515198,34.726547,11.351652,56.165298,.00045357458,3.5475044,2.4293633,4.0282993,-7.6983509,-.48079491,-1.5989361,-.24151975
2009q3,.87,41534.54,99.534103,2.0432079,34.461479,11.468788,56.76582,.00045025485,3.5398421,2.4396293,4.0389342,-7.7056966,-.4990921,-1.5993049,-1.1732079
2009q4,.72,41930.554,99.784485,1.0049503,34.263622,11.329377,56.773655,.00044246935,3.5340843,2.4273992,4.0390725,-7.7231393,-.50498819,-1.6116734,-.28495029
2010q1,.66,40999.442,99.692047,-.37072131,35.021473,11.58852,58.464638,.00045636279,3.5559614,2.4500151,4.0684223,-7.6922226,-.51246095,-1.6184072,1.0307213
2010q2,.6900000000000001,40884.122,99.653862,-.15324165,35.336044,12.325226,59.919971,.00046528687,3.5649035,2.5116479,4.0930099,-7.6728563,-.52810645,-1.581362,.84324163
2010q3,.87,40818.278,100.1517,1.9933054,35.378872,12.509726,60.482445,.00046778147,3.5661149,2.5265064,4.1023531,-7.6675091,-.53623819,-1.5758467,-1.1233054
2010q4,1.02,40843.22,100.47845,1.3029028,35.665337,12.378083,60.955906,.0004708246,3.5741792,2.5159273,4.1101508,-7.661025,-.53597164,-1.5942235,-.28290281
2011q1,1.09,41043.217,100.54798,.2766867,35.645699,12.928053,61.78661,.00047494282,3.5736284,2.5593996,4.1236868,-7.6523161,-.55005836,-1.5642872,.81331331
2011q2,1.41,41249.233,100.85088,1.2031943,35.246788,12.959526,61.555496,.00047881962,3.5623744,2.5618312,4.1199393,-7.6441865,-.55756497,-1.5581081,.20680574
2011q3,1.56,41278.351,101.26807,1.6512396,35.5863,13.058507,61.808495,.00048799347,3.5719607,2.5694399,4.1240406,-7.6252084,-.55207992,-1.5546007,-.091239631
2011q4,1.5,41352.015,101.64274,1.4771904,35.61034,13.004927,61.656403,.00049106235,3.5726361,2.5653284,4.1215773,-7.6189394,-.54894114,-1.5562489,.022809625
2012q1,1.04,41225.724,101.95285,1.2185421,35.892204,13.056931,62.088104,.00049925293,3.5805202,2.569319,4.1285543,-7.6023979,-.54803419,-1.5592353,-.17854209
2012q2,.7000000000000001,41350.991,102.30309,1.371751,35.884899,12.928848,61.913841,.00051012519,3.5803165,2.5594611,4.1257439,-7.5808544,-.54542732,-1.5662827,-.67175096
2012q3,.36,41569.16,102.88743,2.2782516,35.741795,12.903215,61.700466,.00051431585,3.5763206,2.5574765,4.1222916,-7.5726728,-.54597092,-1.564815,-1.9182516
2012q4,.2,41429.471,103.37759,1.9010844,35.87627,12.824468,61.564796,.00051862316,3.580076,2.5513549,4.12009,-7.564333,-.54001403,-1.5687351,-1.7010844
2013q1,.21,41606.909,103.9034,2.0293665,35.759769,12.328946,61.138676,.00051280344,3.5768235,2.5119498,4.1131449,-7.5756178,-.5363214,-1.6011951,-1.8193665
2013q2,.21,41885.928,104.41957,1.9822121,35.756344,12.657478,61.313713,.00051267678,3.5767276,2.5382483,4.1160035,-7.5758648,-.53927588,-1.5777552,-1.772212
2013q3,.22,41776.241,104.90297,1.8474811,36.002544,12.769938,61.706318,.00051729038,3.5835896,2.5470939,4.1223865,-7.566906,-.5387969,-1.5752926,-1.6274811
2013q4,.24,41725.586,105.36926,1.7740587,35.935341,12.976539,62.003929,.00051978871,3.5817213,2.563143,4.1271977,-7.562088,-.54547644,-1.5640547,-1.5340587
2014q1,.3,41906.83,105.84337,1.7957511,35.880871,13.197417,62.096439,.00052117434,3.5802042,2.5800211,4.1286888,-7.5594258,-.54848456,-1.5486677,-1.4957511
2014q2,.3,41971.723,106.41184,2.1426101,35.887417,13.030058,61.915184,.00052560424,3.5803866,2.5672588,4.1257653,-7.550962,-.54537868,-1.5585065,-1.8426101
2014q3,.16,42072.032,106.77213,1.3520088,35.953106,12.890527,61.901615,.00052832515,3.5822155,2.5564926,4.1255465,-7.5457988,-.54333091,-1.5690539,-1.1920089
2014q4,.08,42024.574,107.24121,1.753485,36.26902,13.041115,62.46246,.00053233292,3.5909638,2.5681071,4.1345658,-7.5382414,-.54360199,-1.5664587,-1.6734849
2015q1,.05,42210.385,107.8934,2.4252467,36.242985,13.050238,62.284607,.00054228801,3.5902457,2.5688064,4.1317143,-7.5197134,-.54146862,-1.5629079,-2.3752468
2015q2,-.01,42081.006,108.51785,2.3083634,36.515945,13.102276,62.775478,.00055170874,3.597749,2.5727859,4.1395645,-7.5024905,-.54181552,-1.5667787,-2.3183634
2015q3,-.03,42075.969,108.78181,.9717896,36.723114,13.12053,62.896313,.00055871624,3.6034064,2.5741782,4.1414876,-7.4898686,-.53808117,-1.5673094,-1.0017896
2015q4,-.09,42393.992,109.4343,2.3920898,36.577263,13.233836,62.597904,.0005617158,3.5994267,2.5827768,4.1367316,-7.4845147,-.53730488,-1.5539548,-2.4820898
2016q1,-.19,42997.215,109.70532,.98942125,36.286102,13.262767,62.132046,.00056281255,3.5914347,2.5849607,4.129262,-7.482564,-.53782725,-1.5443013,-1.1794213
2016q2,-.26,42977.491,110.06654,1.314869,36.373425,13.06233,62.424362,.00056917162,3.5938385,2.5697324,4.1339555,-7.4713287,-.54011703,-1.5642231,-1.574869
2016q3,-.3,43347.931,110.20062,.48699635,36.206047,12.955331,61.963799,.00057065475,3.5892262,2.5615075,4.1265502,-7.4687262,-.53732395,-1.5650427,-.78699636
2016q4,-.31,,110.78096,2.1009493,,,,,,,,,,,-2.4109492
2017q1,,,,,,,,,,,,,,,
